ID,Count,Broken_Count,Long_Count,Medium_Count,Black_Count,Chalky_Count,Red_Count,Yellow_Count,Green_Count,WK_Length_Average,WK_Width_Average,WK_LW_Ratio_Average,Average_L,Average_a,Average_b
ID_0537FB,1378,497,700,1,226,1046,21,72,5,7.151882515053021,2.5228294372608,2.8598708582288057,66.50482510711934,-0.1860993055815547,12.704363618616211
ID_903CE9,1396,427,724,2,523,486,19,368,8,7.41553342174041,2.191477523933626,3.4447232449010623,63.24189987142303,-0.6582474741852926,13.431299088600705
ID_37F0E8,898,198,102,0,854,0,40,0,4,9.988049823709057,3.147868725519741,3.330115200254385,61.9152826939632,7.987124755644885,31.14988329732044
ID_26DD0D,1509,284,1055,0,460,490,68,496,5,7.437781634185678,2.0298766863404434,3.70179195883152,62.35786650686417,-0.8400519802085857,12.941977775304636
ID_3B8A61,1311,459,372,0,1292,0,17,0,2,8.859082244899675,2.858957461628008,3.247333091647429,58.89477402809701,8.884485215167581,32.05610746815385
ID_19B650,1400,359,872,1,148,423,1,39,106,6.674671496822629,2.25714068366153,2.9811433742592106,70.62903379273223,-2.3717206986088235,-2.441362584296844
ID_E00406,1605,369,1091,1,130,448,0,5,429,6.66091480581914,2.024100353297504,3.3111257363426616,69.5665847529792,-2.8125901709778813,-5.193299454014593
ID_96EA64,1247,186,62,2,228,773,31,213,6,6.06728264604078,2.737487165380261,2.231260050802102,65.03497341611593,-0.3112993189055979,14.41563438213002
ID_9B72E3,1415,234,1024,1,124,113,0,15,444,6.693273413734387,2.052617582294593,3.280638085827434,66.64302786489007,-4.1925207764953765,-4.045158439591834
ID_CF6735,1283,327,675,1,210,1057,5,2,4,6.889279181005261,2.6801853269754923,2.586523646636385,69.99782863806352,1.0406920283592778,14.52965687887264
ID_7D04BB,980,234,197,0,949,0,26,1,4,9.338686006488295,3.079823429092296,3.142779379584132,60.66389498634282,8.28470770111738,31.243068022846696
ID_13F989,1926,921,759,4,342,673,6,90,38,6.401113325156836,2.1751847010583814,2.975499713988119,71.40818002516937,-1.8157065466795088,0.2870337458903869
ID_E836D8,1069,283,279,0,1011,0,54,0,4,9.127517617547287,2.920596521735909,3.244921051429877,61.380571142927295,8.03876451313254,30.593913610509052
ID_884D79,1170,244,817,1,191,934,8,27,6,7.454069777978551,2.496686743231338,3.0063979162505245,67.5746044150971,0.3430554236586256,13.433934162554069
ID_7FA732,1108,291,329,0,1077,0,28,0,3,8.946545647972485,2.8636132130765826,3.239108187671301,59.80695231020172,8.95056799295162,32.53257323417501
ID_573703,2118,1107,671,4,185,716,3,20,544,6.366497076642466,1.97349292430792,3.277422552561532,70.8326459491347,-2.190485162744592,-5.730225788395231
ID_0FCBC6,1223,431,261,0,1191,0,29,2,1,9.25487025088393,2.807785906758413,3.4956544661110973,60.10040578482546,8.022670566502125,30.615616125870147
ID_54229A,1637,717,666,0,129,1396,11,61,9,6.892238729887915,2.2952482565234207,3.0267166198521505,66.77466725920489,-0.5328411354620952,10.131883015814484
ID_CD89FE,1138,354,251,0,1084,0,52,0,2,9.19273354311932,2.88720686609348,3.332428353624649,60.9262555427442,8.58132615209477,31.62302006969024
ID_9F3640,2011,841,886,1,273,478,1,15,621,6.410870702289099,1.9512741135697973,3.3054996207203056,68.91520966849153,-3.0902261197366987,-4.988399753870059
ID_5EF0B4,1243,388,427,0,1206,0,28,7,2,8.73283032250412,2.9210161630351035,3.109532857890509,60.41517057415837,7.556051700475677,29.6900800199965
ID_E5841D,1876,1153,458,2,285,1510,11,33,10,6.734968937945292,2.5257542280551464,2.687096777343712,67.88157765356046,0.3056555520835755,12.294548881588138
ID_93FB9D,1287,442,245,0,1268,0,19,0,0,9.448932616229698,2.6825020326369757,3.744465178748076,58.846701820395815,8.282390296888666,30.757079605128524
ID_7250EB,1184,508,223,0,1152,0,30,0,2,9.40059598841378,2.730981755997483,3.780101971438688,58.74587656832063,8.157051009880934,30.80562412341209
ID_246819,1700,679,780,1,451,1011,46,173,1,7.344900419931517,2.107158778363272,3.527544540298273,64.55839098170688,-0.0699019140884944,13.05688203292713
ID_3D2D8C,1292,493,311,0,1252,0,37,1,2,9.018623323818163,2.85073250780579,3.3778560743616635,60.29536510020871,8.323144652689157,31.126771969708244
ID_8EDD72,1208,99,1008,0,129,619,22,425,2,7.335719806367876,2.3019263898806006,3.207929258127704,63.74169476594754,-1.8595575607416968,11.12159399894383
ID_FF4D5F,1115,336,308,0,1086,0,26,2,1,8.976257112854562,2.962835649160559,3.142039306073828,59.7663350404374,8.773833889180679,31.913454334851146
ID_ECCBC8,1806,801,784,2,108,709,0,14,363,6.56914575312272,2.0937114696316463,3.1709948310146645,71.60783732107704,-2.3125458632216787,-5.020899333487662
ID_36A169,1025,205,205,0,994,0,31,0,0,9.471706967270825,2.806544018673043,3.4894441636143703,60.765514036426566,8.131387490890459,31.26800696949091
ID_E22312,1100,168,822,0,200,859,12,17,7,7.406378272642412,2.5625659528252225,2.911803451973457,66.49754014764532,0.6299199908436246,14.5203465231401
ID_9B70E8,924,201,175,0,866,0,55,0,3,9.454000866034464,3.150710921325124,3.094459329354935,62.62870147164234,8.209687414373038,30.933736727499934
ID_C7E124,2528,1905,361,4,198,1419,2,39,236,6.050707814918953,2.282155591001103,2.6821815147927146,73.51003949981758,-2.092429137974413,-3.8277114443682834
ID_DD8EB9,1885,678,865,2,73,339,1,28,278,6.266458682575604,1.9869350655936369,3.17969589693809,69.07088573183887,-2.7248795796223733,-2.7371171262817064
ID_192FC0,1660,541,86,2,122,483,0,6,322,5.5109520586299965,2.395625407276898,2.324752987487124,70.48713978473454,-2.474913854206022,-4.827872328679803
ID_0D3180,1481,236,540,0,94,1190,13,139,4,6.435708995225428,2.306462608529063,2.804242191817232,65.24713074638159,-1.1866456096409088,10.55881577549776
ID_9B8619,1027,306,281,0,1013,0,9,2,3,9.086061884855363,3.3476493461432613,2.8070439841035366,56.15375370966088,13.31292295294346,37.99834357717442
ID_43EC51,1231,339,761,0,1206,0,13,12,0,8.119953033282565,3.0744249173484746,2.716492938866189,57.44788645568408,7.275447137996142,29.743661708656887
ID_AB1A4D,2070,1332,535,2,150,1460,2,13,102,6.434372122120875,2.3663879703944355,2.74012388675557,75.03181179287255,-2.1780322050491328,-2.660835546484364
ID_6CD67D,1180,229,816,1,351,694,23,106,5,7.423933687574418,2.455456026116449,3.0503467347126043,64.49734970046973,0.0412523401569959,14.270416152132732
ID_4C56FF,1661,574,820,1,95,624,1,14,194,6.45051273714869,2.147008300034133,3.029372479597479,70.71430034008795,-2.442044699359029,-4.238905566618215
ID_AFDEC7,1680,411,1049,1,258,495,1,17,242,6.508925689859671,2.0367690536253478,3.228770267560664,69.52814070189953,-2.904704686691057,-3.2274997635939933
ID_4F4ADC,1661,650,808,0,169,1109,34,310,9,7.314070233431604,2.069066048640602,3.571749995451339,64.43544578585595,-1.256716429576334,10.045949912357797
ID_078719,1732,422,1072,3,159,246,0,25,405,6.445861119210457,1.97390581720208,3.295475865805848,67.73267411807842,-3.5575238237933307,-2.9853308121960502
ID_96DA2F,1306,85,782,0,100,927,13,237,3,6.7357459466678495,2.3902706512304586,2.834673770156319,65.30385115590039,-1.3504186168124446,10.957529694127626
ID_8B5040,1077,274,470,0,1072,0,0,0,5,8.588194190087473,3.376222808124691,2.601184135223577,50.77485048410416,15.952704397374765,40.64137030712804
ID_88AE63,1046,279,264,0,1043,0,1,0,2,9.14590609206111,3.089606158364878,3.0581516462427043,51.626335104233576,14.943009775377387,39.311294164380655
ID_17326D,1527,215,775,0,300,816,36,363,3,6.636439176232811,2.187553622486396,3.0510212592037678,64.13353602786431,-0.8438369283687921,12.590364770529003
ID_704AFE,1713,445,1081,2,163,443,0,8,389,6.622430698690354,1.990624744873725,3.353183475686801,69.52878011104657,-2.8512067888330246,-3.521724533605312
ID_20B5E1,1422,275,1014,0,240,671,40,457,6,7.442598165501893,2.072282401048328,3.606402460970898,63.64012323824368,-1.3521749678316335,11.88960022629722
ID_CCB098,911,203,129,0,835,0,73,2,1,9.805553996633485,3.086091356627189,3.3181050618586987,62.29662735013776,7.642846187670493,30.777166722906102
ID_FE5151,2275,1268,583,3,325,506,3,82,178,6.086857466139104,2.02815132922266,3.0250380377776347,69.6243405051302,-2.540515879268696,-1.781591029870473
ID_555D67,896,240,106,0,884,0,12,0,0,10.003437819283388,3.0371693864865468,3.471527391318232,57.02332217313748,9.661443009644763,33.44350941484105
ID_67E103,1181,360,228,0,1155,0,22,1,3,9.43359550421971,2.81711395944854,3.530187196079525,59.99035544503567,7.35461841063897,29.536906859220927
ID_8FECB2,1350,270,849,1,287,573,16,448,4,7.069054425038784,2.255435934876673,3.165863349600846,64.5670031737826,-1.226816211590856,11.678142363137011
ID_550A14,1188,320,328,0,1170,0,14,1,3,8.958386529226184,2.7658547060388434,3.358927283274466,58.77413396884346,8.08563624736903,30.82537806001873
ID_147702,1476,404,898,1,157,456,0,7,379,6.715691053568562,2.155624767490519,3.140525721138232,69.9269180882986,-2.683961633793188,-5.4039445242011865
ID_263373,1604,603,761,1,86,869,0,7,274,6.427002679450785,2.3148890983281403,2.7881382917288158,73.13219729955901,-2.029537052424121,-7.538641272219365
ID_08FE26,1083,429,306,0,1000,0,79,0,4,8.723531568881716,3.051180862996393,3.0667831063944875,61.140046578452086,8.338104375120619,30.620617962134496
ID_2AFE45,1183,277,780,0,135,1010,6,20,4,7.354070131818525,2.5752250678900577,2.8730165852703835,68.16673237363872,0.1087511613079383,12.887255423455246
ID_93D656,1516,631,701,0,51,1014,1,7,188,6.59716234527208,2.3513009305203374,2.822957650090525,73.86420867851155,-2.2486589887265223,-7.232746707050943
ID_1C383C,1540,236,771,0,180,985,21,296,8,6.612197531196639,2.1332929489001984,3.103995585678112,64.89109363555018,-1.386619918777256,11.288742180554513
ID_A2557A,1467,355,618,0,136,1098,24,178,10,6.632026297300462,2.474648913208216,2.6940727381679404,65.27876244781973,-0.948151382533046,11.890777524240864
ID_E4DA3B,1051,243,192,0,1037,0,10,1,3,9.528369518109686,2.8762530650901867,3.446565563322677,57.96355589742512,7.577739779805865,30.08961063352651
ID_F89913,1539,610,753,1,123,799,2,15,196,6.734165144579023,2.288341498599965,2.965353002036547,72.73468695683067,-2.134785545063324,-5.279287076055859
ID_5D44EE,1419,230,1034,1,111,157,1,1,648,6.93534437667109,2.040540652285763,3.4196293940365914,67.39525127971471,-3.893593242164808,-5.369086880317152
ID_55A7CF,1298,192,949,0,230,489,36,519,8,7.146386681801452,2.311532096422426,3.1065845931385656,63.075833845097264,-1.3884740198876655,12.234071350686946
ID_841172,1258,415,238,0,1235,0,20,1,2,9.497140619686103,2.710855654710173,3.720001526402399,59.55319561238637,7.564973052396111,29.745701115590016
ID_B4A528,1426,470,727,0,274,785,25,312,8,7.116815037840655,2.283318048459825,3.146661792702223,64.48641483147136,-0.8911149313728419,12.035415925246092
ID_A1D0C6,963,82,831,0,102,730,14,104,4,7.758797176926539,2.567264097013677,3.030962618528767,65.06098610244103,-0.9797480089197904,12.3365344781481
ID_1EFA39,1301,399,391,0,1284,0,11,3,3,8.830573094766372,2.725561337076224,3.3646591596236943,58.36342888897877,7.873259390501621,30.287767154305737
ID_A4A042,1431,334,838,1,554,317,30,539,4,7.085462469127843,2.1803855593928096,3.294570005105571,62.05732854750377,-0.5955729027842658,13.9387777866831
ID_15DE21,1139,277,618,3,463,597,11,47,4,7.215155129433837,2.5401156310833013,2.8917010775418417,65.95143297482429,0.5674599041468866,15.01807494765807
ID_500E75,1834,854,735,2,163,1258,3,28,31,6.408110123749255,2.2489900349182634,2.870763689298739,74.67206992043386,-2.129601962746674,-1.2134497167954592
ID_C4CA42,1279,179,954,1,52,971,0,12,25,6.7461526336488165,2.2866460791498824,2.97496093497145,73.21551020140652,-2.339286733630759,-2.8064448226811045
ID_B55EC2,1171,323,722,0,1166,0,2,0,3,8.212685235272602,3.1922460917834794,2.635997982096251,55.95459546938979,8.717682843805411,31.74473850006352
ID_0A113E,1682,640,845,2,242,762,5,63,19,6.579695364123932,2.3151407333913863,2.8635346412076217,71.7113043276497,-1.9413822232573577,0.6235211492453132
ID_44C4C1,1979,732,875,4,306,813,5,55,107,6.187563407566141,2.083109792358629,3.0140619049438606,71.42559469312164,-2.372081242953547,-1.5325286749358078
ID_BE3159,1115,193,776,0,134,931,6,9,6,7.253226524400048,2.65936462738541,2.7423405684254267,67.81322554105812,0.1958477851483433,12.902241260035376
ID_013A00,1262,454,405,0,1234,0,24,2,2,8.708269929319698,2.805496049469942,3.266664507845888,59.29896557471186,7.8493827593356915,30.52020340029513
ID_D516B1,1139,232,742,1,343,739,6,25,7,7.278331670237433,2.6278901214676456,2.7988393895516603,67.00987454506534,0.8170777684948132,14.746387785900671
ID_58E4D4,1004,207,302,0,997,0,4,0,3,9.052198818344584,3.036393085277533,3.070107607278507,52.08957120617415,15.060438010167829,39.4522230797044
ID_35F4A8,812,153,226,1,726,0,85,0,1,9.148289036159449,3.424834418670854,2.7129511001625746,63.94037106352529,7.283337670772797,29.3592833597122
ID_3328BD,1229,351,760,1,188,915,17,82,10,7.435645763000831,2.5971035834609104,2.881249418462713,66.34592651775182,-0.341793510069337,12.71372981389804
ID_00E26A,1124,136,930,0,139,880,9,84,4,7.469061207485662,2.389370166520014,3.1532694436271225,66.24594487034202,-0.7582664985146121,11.720883307641117
ID_C74D97,1341,222,892,0,370,189,54,706,7,7.043932352794608,2.2279807584676954,3.180753034594917,61.19993113540844,-1.0202331884360287,13.044502114238234
ID_918890,1150,312,488,0,1121,0,24,2,3,8.638494916228328,3.0291488177194736,2.9365292148431195,59.98159352390563,8.628273824418654,31.789825911441312
ID_24B16F,1376,347,659,2,604,547,21,200,9,6.9098580350870975,2.35493836273247,2.976158725260807,63.842623399215846,0.0833184052394226,15.774611876219504
ID_D045C5,986,195,174,0,955,0,31,0,0,9.601581276820427,2.9708216491111115,3.3401143160261446,61.59851037844558,7.736008972130508,30.316906958407124
ID_248E84,1258,392,636,1,273,941,3,18,3,7.036260040406654,2.5855970026128934,2.756619835366504,67.90810456123704,0.5101936594871161,13.33968667688585
ID_C51CE4,1098,257,288,0,1064,0,29,3,2,9.114560092481783,2.909828681748185,3.246383053885457,59.49875634774996,8.798148537697514,32.290025579129946
ID_019D38,1545,563,751,2,60,942,2,10,104,6.477453552029364,2.2934373823656724,2.8535889321774643,73.82819321414803,-2.1859734709309824,-4.515616756172332
ID_757B50,1168,406,215,0,1154,0,13,0,1,9.543429311064648,2.7602820820932594,3.6976777974045576,58.00816175020555,7.717055310228106,30.273236813454588
ID_D58072,1405,286,987,0,299,739,29,326,2,7.82388356626349,1.9611524266256164,4.012638165213372,64.32172728973914,-0.8807704673805627,11.67491628279788
ID_61B4A6,1098,370,282,0,1052,0,43,1,2,9.035889637899798,3.110848819018386,3.057185495083904,61.733995411848895,8.124874749688813,30.485176239380728
ID_2F2B26,1387,143,923,0,211,874,25,274,6,6.857253947540995,2.2835647898121345,3.0242089187887933,64.81047142942215,-0.9356150545118518,12.520507766957095
ID_C8BA76,1723,697,612,4,159,779,2,38,135,6.090779329563606,2.4317323950756684,2.5222019480191347,72.60709242823162,-2.2793580915484264,-3.6446451908972968
ID_BA3866,1199,247,701,1,365,680,16,117,6,7.03609781728845,2.6182298697410413,2.7075844476916613,65.54715300078799,0.1924743971862539,15.181539388175992
ID_06997F,1242,113,950,0,137,847,14,205,5,7.045805989433295,2.368222519834087,2.9968615049489724,65.35239559664613,-1.2684998395395335,11.234548106202574
ID_C8ED21,1409,216,1072,0,203,719,23,447,3,7.713393956425994,2.022644753615428,3.838300354131483,63.7828167667169,-1.7375655276840622,11.036293712099548
ID_E820A4,919,245,244,0,843,0,74,0,2,9.023919134213823,3.3741835160985025,2.7778563509040537,63.06281597457844,8.192231106140692,30.79329511944508
ID_AD972F,960,396,202,0,889,0,66,1,4,9.033378396083949,3.0463404633428297,3.191504044163157,59.789107538807286,9.133040350217986,32.55630865325834
ID_A8C88A,1065,245,321,0,1062,0,0,1,2,8.969575178999989,3.1090397772090244,2.9696629903329548,49.63675080800864,16.446306327837956,40.17291931497364
ID_140F69,1722,839,557,1,562,1044,44,82,0,6.886303907939831,2.510601307086384,2.7627813343502994,64.9921495937082,0.8002878169793513,14.908085060825858
ID_30BB38,1110,313,302,0,1093,0,10,5,2,9.059401582862572,2.886290379060004,3.446040475298903,58.36938571803606,8.638457525864215,32.69021930339639
ID_6C8DBA,1445,445,788,1,71,1311,5,25,3,6.973423601971828,2.3323693974799453,3.0165103278268046,68.22594125560808,-0.4533921233038827,10.29010266823581
ID_F22170,1027,290,293,0,968,0,55,1,3,8.983681576554282,3.278627765556929,2.85344744740298,61.75679532154197,8.242790361586966,30.71959292985791
ID_DD4585,1222,242,734,0,174,999,6,29,2,6.991062414956912,2.6768713363756285,2.618748776008146,67.78083586001567,0.3406934663924676,13.90788280660927
ID_FDE926,1101,269,308,0,1068,0,30,3,0,8.98550264197831,2.866204617369348,3.254059835632463,59.80818120409276,8.258390953004916,31.49315441672185
ID_05F971,2891,2500,103,8,209,1967,3,25,249,5.764648981460091,2.302913785444798,2.570242811236094,74.54818863705822,-2.0549849557175155,-4.189152101431368
ID_F91E24,1411,221,939,1,283,801,34,283,7,7.042824809591762,2.2320714818281364,3.172649139540632,64.5898037281363,-0.7169407489990798,13.0988063096278
ID_03AFDB,1046,415,228,0,1028,0,14,2,2,9.172339232692115,2.8838431828198674,3.4069489749729165,56.192460005152064,9.002527255902725,32.325802343485535
ID_8B4066,1102,373,298,0,1090,0,10,0,2,8.994346147391484,2.980070349384582,3.177686765663164,54.72135532937821,12.939455399878716,37.64880769795504
ID_53ADAF,1400,238,888,0,93,949,18,319,7,6.941286321229375,2.26000915243784,3.098098650101852,65.02236610316449,-1.5196527842456145,10.572907799935347
ID_764796,1558,609,697,2,49,998,1,9,123,6.359361400761202,2.3688539258598262,2.706610993842142,74.15617902157662,-2.249564671596497,-5.667432518291776
ID_A26398,1354,360,815,1,77,756,1,15,145,6.648654588829049,2.3613641571364745,2.83531771127371,72.81097031433413,-2.441917785810841,-5.762686348747533
ID_D18F65,1204,280,760,0,128,1033,8,12,6,7.254896699368473,2.537795547378632,2.877052303449135,68.4593294092576,0.2599943436668277,12.693452206234994
ID_0F28B5,1184,396,287,0,1147,0,33,2,2,9.088672008462266,2.846062605935068,3.395330503217548,59.733927509065936,8.364691349724927,31.50332500499657
ID_C3992E,1770,811,685,4,187,1096,4,48,16,6.295868058051252,2.319593920960348,2.7477874161581526,73.93519910732135,-2.0548558609689453,0.0244067769207987
ID_8CE679,1588,504,805,1,316,1061,33,176,3,7.0936819068599295,2.233523841381967,3.215499296059204,65.54745859936271,-0.2318024011241677,13.246205648813705
ID_F64EAC,828,160,430,1,790,0,36,1,1,8.251581464793691,3.7717946358832366,2.211535649437624,61.93723516046367,8.274513336025503,31.37970048351327
ID_D8700C,1938,809,890,1,221,564,1,15,723,6.412992550551569,2.1223093778220443,3.0429996990119457,70.4013911371999,-2.387723842675161,-7.01823265993594
ID_B6F047,1193,400,298,0,1145,0,41,5,2,9.067517184733328,3.0341805860509194,3.134633942584339,61.23439814260289,7.875507884955285,29.93145839772468
ID_A8849B,1924,1045,582,3,141,398,2,21,638,6.361192011390239,2.1523464057318917,2.988049264215402,69.04725896099482,-2.6119057599391984,-5.564138551446803
ID_98B297,2347,1605,432,2,76,1237,0,11,335,6.034078616051487,2.262454153211768,2.689838335453962,73.24041531955972,-2.090207464206936,-5.403841339921829
ID_FA7CDF,1231,562,0,0,215,315,43,638,8,5.429598058579008,3.049371810014175,1.7760441460231264,62.66104179346366,-1.091522531925933,13.998516783149958
ID_17C276,1090,280,202,0,1050,0,34,3,3,9.702421576988687,2.667797140750488,3.816439497322383,60.044932143075954,7.237766255105132,29.736367924103423
ID_10A5AB,1417,407,595,0,212,980,37,188,6,6.745517187938185,2.5187713965991234,2.693799723359,64.65403956183218,-0.5699652467591454,13.25511997932596
ID_7634EA,1322,235,870,1,242,844,18,192,2,7.078732745734505,2.334477545024561,3.06189897065958,64.91655485150282,-0.7552290961966426,11.853519165865688
ID_8FE009,1196,347,451,0,1189,0,7,0,0,8.73922580947454,3.006037234334774,2.992767151080804,55.65614625756606,11.162607721479542,35.355018566614945
ID_854D9F,1247,504,411,4,633,502,16,92,6,6.985213227652244,2.415340115625969,2.979626307228833,64.70545274164135,0.7712314407937426,15.727725382034537
ID_F90F2A,1164,77,854,0,127,747,17,253,0,6.984329806225938,2.4521564680533467,2.863725386205506,64.71146467961555,-1.2297940348243013,11.67233477904417
ID_663682,1107,256,425,0,1055,0,48,4,0,8.761795791506527,2.9553937337795344,3.1276614151520103,61.58292774769144,7.235512348043112,29.620440386248376
ID_1E48C4,1242,421,320,0,1216,0,23,2,1,8.979716378624913,2.830354274263141,3.329837205495145,59.25551014973238,8.768874243436644,31.80987205899033
ID_EB1637,1581,525,826,1,125,679,0,12,424,6.451900094588481,2.3350093282796127,2.7790679495892787,72.4304947431099,-2.067641411330152,-7.26909705460648
ID_C6E19E,1209,238,825,0,56,1097,4,26,2,7.138602884685416,2.538818677227893,2.831282950380741,68.99796878625307,-0.4066203607515946,10.93015328985078
ID_6C14DA,1353,356,708,1,584,235,36,476,5,7.087009155274814,2.2519679865106967,3.1869799373560226,61.025356895762215,-0.7677346046642826,13.700077173778064
ID_A50ABB,1378,537,319,0,1364,0,14,0,0,9.03430253887915,2.809479750835797,3.461442243679697,57.011761376935816,8.75165091971924,32.02173799863348
ID_7EACB5,1505,346,993,0,329,1014,24,118,3,7.4861998703287345,2.02321329556678,3.7145469481354256,66.03062584176047,-0.0481810763599681,12.378824045623452
ID_FE9FC2,1058,292,275,0,1054,0,2,0,2,9.114547190122922,3.1026330381109597,3.0473941725764124,52.14193380403746,14.628681512212074,39.17837113520215
ID_299A23,1463,715,295,0,1432,0,30,0,1,8.94027234325553,3.1113218553964925,3.107670721468009,57.37680851787344,10.962850320603463,33.80781061759818
ID_FD06B8,1398,153,933,1,348,546,49,442,7,6.919713958295025,2.1653111643985103,3.2177075892221065,62.75081498371416,-0.9851190128989442,12.620061412062306
ID_A34BAC,1452,324,680,1,420,588,33,402,6,6.73417492569214,2.3306316943562613,2.910906604209136,63.00602276256339,-0.6092423644042206,13.8858356346197
ID_7CCE53,1111,344,289,0,1077,0,29,2,3,9.03571136395682,2.858003126544769,3.3040468221417814,59.39523819221341,8.516291643057567,31.591319951463937
ID_F0935E,1168,457,312,0,1125,0,35,3,5,8.89611337584093,3.015805299233832,3.1097983693915623,60.923993166611446,8.561684685005055,30.76126832325872
ID_069059,1099,339,221,0,1063,0,29,4,3,9.323313181620026,3.029735381487583,3.212704142846537,60.063406338736826,8.319637524829535,31.290615598901795
ID_D38901,1056,92,858,0,91,895,10,46,2,7.27946030906922,2.596649308752121,2.814717968821463,66.42935787231035,-0.4381854001253913,11.995039494025876
ID_F33BA1,1136,304,313,0,1104,0,31,0,1,9.015117947085974,2.775072566436489,3.3732424626239705,60.243707190004365,8.266576432544417,31.389343878159018
ID_99BCFC,947,204,187,0,942,0,1,3,1,9.472590424990685,3.0543651716530578,3.2257946053412194,49.67498329265573,15.498237402605778,38.854049938768455
ID_6E7B33,1699,473,1038,3,272,364,1,28,379,6.5318150733239,2.038154465425916,3.253391319879502,68.40656157595667,-3.2411922492543987,-3.8404551364159865
ID_BB7946,964,231,263,0,958,0,4,0,2,9.096740573885526,3.1064750592828587,3.058078680859189,51.15515216769057,15.514800792029646,39.62630926603978
ID_92262B,2080,1499,348,7,70,1913,0,0,44,6.0440333938303,2.547386248469317,2.3933010486498905,77.99553535943919,-2.387869902315597,-4.165991566190151
ID_4E2545,968,253,246,0,891,0,73,0,4,9.056445690555602,3.1182044240866684,3.009018079041234,61.72330994114796,8.274797780712433,30.89928553429613
ID_69CB3E,1646,435,1023,1,190,676,1,26,193,6.58256462371472,2.065848009131617,3.2144443593855927,71.00358239534401,-2.5346006254014832,-3.448580319511961
ID_71AD16,1269,272,822,1,242,940,12,75,1,7.224898769455469,2.39934473931686,3.0389185972866155,65.63486850495825,0.3527309862002412,13.357901818313843
ID_E48E13,1128,345,310,0,1110,0,15,0,3,8.991789520484899,2.9874329542471605,3.1228368254331285,59.06859864812152,8.355445806799482,31.385676717541696
ID_F61D69,1148,56,867,0,100,825,18,204,2,7.03711620537303,2.522169231452915,2.803633905079755,65.08597384312637,-1.0549629879945788,12.448315406163426
ID_C06D06,2013,945,800,4,247,441,3,52,232,6.453989931935294,2.0382350440635206,3.204419616221931,69.35933178883623,-2.5904929157832144,-1.9024170029368184
ID_5055CB,1572,298,838,1,98,388,0,8,441,6.153016770090578,2.205185126691912,2.8060111217692048,69.72247210016813,-2.6561552873898067,-5.674754266652041
ID_1B0114,1149,286,751,0,242,833,8,34,14,7.456496303831602,2.6585178757327723,2.823725357164419,67.14333698076604,0.4851616787926032,14.215770172366158
ID_217EED,1016,239,235,0,963,0,47,1,5,9.297449849805131,2.8815910199543886,3.3443483316973537,61.00472370516171,7.610728335177507,30.51912516793061
ID_0C74B7,1424,332,947,0,65,784,0,1,262,6.774526354381014,2.1425824971352725,3.17633443951714,72.49088480819643,-2.263963179248036,-6.615557310396266
ID_4FFCE0,1084,366,247,0,1076,0,6,1,1,9.165368148083534,2.8941107861115074,3.446870258872433,49.55245599676974,15.730837703139056,39.39877882556735
ID_AFDA33,1132,395,446,0,1090,0,39,2,1,8.516825291080638,2.9309018445894663,3.0441147114562943,59.23623659844072,9.036454050579682,32.260178008910714
ID_75FC09,1300,184,903,0,183,752,18,335,7,7.107786979699461,2.3192149795824144,3.085967946593366,64.56558356631696,-1.3295106801524326,11.880496164607427
ID_B6D767,1892,972,695,2,189,1121,3,29,100,6.42809221197688,2.2666786603501734,2.8600573328548013,74.06457603130643,-2.010578624194958,-2.484645354654408
ID_A1519D,1631,656,753,1,174,690,3,23,205,6.492367027516671,2.320178423336522,2.8142626568681504,71.87934741920954,-2.041028262321252,-4.3962741655085615
ID_3A066B,1332,593,486,2,189,1108,6,16,6,6.810313505572164,2.7818019273385133,2.465068655421934,69.69162107980813,0.7795178614398393,13.5348461387359
ID_9C82C7,1779,819,550,1,193,1529,14,41,0,6.594834712551817,2.3419550543316467,2.8394719909738595,67.7839177970329,-0.3429922412499744,10.99944055795585
ID_7C82FA,1009,106,795,0,76,853,10,41,7,7.292240140888628,2.7351365389279056,2.6724189440798813,66.64912693139756,-0.3113418927056584,12.523553925128445
ID_74BBA2,1292,380,381,0,1258,0,32,2,0,8.88427752124462,2.7186314792729496,3.407683442813777,59.55652613525202,8.151333356611344,30.86488224807917
ID_FE7EE8,1645,425,987,1,118,497,0,5,301,6.735429430573244,1.885182201078615,3.6025731836644708,69.75080815517502,-2.8646879805458814,-3.95739977645324
ID_C361BC,2391,1448,601,2,383,813,2,42,252,6.315990366429262,1.968345064416015,3.244724482728456,70.80254332383558,-2.672629328383189,-3.474545472833622
ID_072B03,1107,441,245,0,1036,0,63,7,1,9.094208245514125,3.28682653020464,2.920249076119814,61.852134729494345,7.756848160585866,29.62102459135943
ID_A1D33D,1263,132,892,0,182,641,26,397,3,6.975715331292643,2.33371111503384,3.0051874122512654,63.70604909540532,-1.3463016414828863,12.06965034475377
ID_FE8C15,1430,282,941,1,350,716,44,307,5,7.19650117663736,2.208477164026306,3.2854807185126167,63.811032496847645,-0.6855761377048841,13.308935187450498
ID_53C041,1441,458,553,2,539,810,11,71,1,6.706062500410362,2.4993076431656887,2.712991161669489,65.9004121188423,0.3098729030233325,14.563476962556893
ID_B6EDC1,1728,463,532,2,172,503,0,30,190,5.8764720380636986,2.2204329802758966,2.668941545417081,69.97602260077917,-2.614354197761266,-3.0404843269270287
ID_58D4D1,1355,520,447,0,1294,0,59,0,2,8.629457929872563,2.798703430650356,3.281668767820832,61.72528044791682,7.698079674751479,29.683289367191737
ID_7BCDF7,1806,630,860,2,99,492,2,28,221,6.260325779476811,2.0596491186740624,3.062951779293427,70.32393653436138,-2.195854631804958,-3.608578816883679
ID_33E807,1151,299,515,0,1130,0,17,2,2,8.525617314085807,2.822357224357986,3.1076837726711437,59.10270445696972,8.475900578298578,31.70881151153651
ID_ADDFA9,1824,767,731,2,465,1346,2,4,5,6.795757194961248,2.3115615089658954,2.9724750598949283,74.08587924507472,1.4042236683811813,16.158911700586312
ID_FCCB3C,1119,379,291,0,1111,0,5,0,3,9.030102104271968,3.111974149076558,3.039589402296765,53.04597224191359,14.25284776065821,38.66110444087033
ID_C8FFE9,1673,643,791,1,398,1013,44,203,6,7.269934602772974,2.110338835748222,3.487461204171508,64.70075230978753,-0.2267776829020515,12.778255918734882
ID_4A213D,1006,136,815,0,129,750,14,99,7,7.659873948701511,2.5600203039964904,3.011469350558961,65.14789727031483,-0.6699713858491676,12.409352122668238
ID_C54E78,1036,307,202,0,1011,0,22,0,3,9.347738526485672,2.988573451457378,3.272596735594536,59.19326741830759,8.5078386029378,31.66849832404214
ID_7EB3C8,1331,155,914,0,280,500,44,501,0,6.985907532435965,2.271198661598125,3.085452793360287,62.61628527260269,-1.0689574080789417,12.637711559948066
ID_47A658,1248,457,277,0,1224,0,24,0,0,9.089198210571846,2.9921410058347577,3.199056043321319,59.23670946731493,8.97313566153239,32.17045689350111
ID_28DD2C,1324,453,632,1,432,501,24,334,5,7.165725983946913,2.3837537226331262,3.0442412444460625,63.20364172987163,-0.7173718188228411,12.793380436287109
ID_FE73F6,1466,478,781,3,224,834,6,40,33,6.495837145060018,2.4040779270372843,2.72318257061021,72.91174262770267,-1.9432616101351647,-1.6231712953276265
ID_4E0928,1762,579,974,1,169,428,1,13,740,6.527904660516052,2.041277077571648,3.2128298620788827,69.58994673609307,-2.618917511317264,-7.275400833689751
ID_996A7F,1010,287,175,0,990,0,14,5,1,9.606249462766591,2.9783109653337942,3.392248626141049,57.30781299285211,8.551040588708366,31.827194878594938
ID_04ECB1,1174,81,1001,0,100,641,20,389,2,7.311079109155955,2.340181139981607,3.1431579744999856,64.35075261206387,-1.7052842467327791,11.160658949302498
ID_7C9D0B,1119,287,270,0,1101,0,15,2,1,9.161484846561397,2.83361764763542,3.3476887688255004,59.59905079980399,8.171640170602952,31.10724412806666
ID_5EAC43,1367,445,740,1,74,929,0,5,127,6.793706917589566,2.3870870408772946,2.862678027829319,74.90554789091038,-2.181073040738075,-5.476963009550779
ID_892C91,1461,364,943,2,276,426,1,34,124,6.729491913828689,2.1880317425139904,3.103657479306361,69.83498361883153,-2.586011356848965,-1.918422922337481
ID_A1140A,1894,1172,520,3,109,1400,3,25,86,6.330647409802541,2.452421444903286,2.603817976750828,75.41383238307583,-2.112160599776209,-3.4574814810221817
ID_9BF31C,1172,331,685,0,1170,0,0,0,2,8.192913867426274,3.2518898473993367,2.575004066888875,54.18923504325481,8.632153614402903,31.02917048012347
ID_63923F,1650,488,923,2,119,636,2,17,265,6.421915175915004,2.0878239722577523,3.106426738712686,71.01531962250213,-2.342960602141851,-4.80216340186696
ID_42998C,1486,320,958,0,154,1104,18,176,1,7.075980278804241,2.144468726620437,3.316739187925604,65.91233333626508,-1.145233743102863,10.65231232998589
ID_C2AEE8,1128,230,809,0,231,778,15,85,9,7.560357688605302,2.5835626814601778,2.941081539648426,65.28188192233625,-0.2220551821107244,14.343574862967008
ID_A89CF5,1283,491,362,0,1216,0,63,2,2,8.80549912962957,2.879041904921653,3.2399437872075127,61.02255246306837,8.2473867162895,30.587401728677516
ID_DA0D11,923,252,250,0,909,0,7,4,3,9.130274838933277,3.2995250955766204,2.901228217878925,54.28448496406964,14.629990555582433,39.86716348497073
ID_70C639,1092,286,171,0,1071,0,19,0,2,9.815777891123854,2.678146966486174,3.844769479868941,58.87943734567565,8.190994527094157,30.76910122399444
ID_9431C8,1113,267,276,0,1075,0,33,5,0,9.216371644479851,2.861631952864553,3.335891070465064,61.14169521411672,7.505322392184761,29.844606715730663
ID_E5F6AD,1152,245,799,0,182,927,8,26,4,7.51332237981996,2.4962464712535057,3.0332071806632475,66.99252256520785,0.157762087623364,13.526634967900442
ID_C5AB0B,1348,312,735,1,203,998,20,114,2,6.896527276173652,2.4348272175352683,2.847313369109252,65.44039641171508,-0.3393413561280987,12.54675884478394
ID_E07413,931,212,180,0,851,0,79,0,1,9.578900708325849,3.0972417328592696,3.2044617290555237,63.0409669952427,7.379994738245735,29.745881688078885
ID_4B6538,1777,731,856,0,155,250,1,19,467,6.6282326408595855,2.0700333945146743,3.2244830283480965,68.26358157089706,-2.99090532188541,-4.235692546894274
ID_8F8551,1621,803,658,1,175,1345,10,50,15,7.305977891193016,2.417136666182302,3.055143517585623,67.87361937402412,-0.3868097294544297,11.143886355532072
ID_07C580,1177,424,291,0,1165,0,10,0,2,9.017035008963418,2.9961443574611346,3.185486781827936,54.20886230423227,13.60717948704729,38.39214681287916
ID_D09BF4,1453,291,923,1,273,302,1,93,93,7.204616805728282,1.980098417341696,3.670830250591517,66.99963938306026,-3.278686518334896,0.258992984428346
ID_86B122,1211,291,776,0,102,1068,5,6,4,7.291068916106549,2.577555977568481,2.841719197416794,69.0416243798297,0.0881164805847469,12.1793689420176
ID_98F137,1075,321,268,0,1011,0,60,3,1,9.123248025570737,3.113865087920534,3.1271660297579644,62.21330665348959,7.847227248646487,30.3422562576581
ID_6512BD,992,320,264,0,913,0,76,0,3,8.917331005567082,3.095465036468081,3.020180678598881,61.23507584282511,8.681343964646098,31.51415393498641
ID_A02FFD,1780,762,777,2,189,502,2,31,209,6.753974348456612,2.023777334857156,3.3785295132986506,70.16884336196895,-2.550539222093537,-2.3935048050825927
ID_A5771B,1095,129,852,0,138,898,11,19,4,7.347140789335078,2.654003703922448,2.7771389077844746,67.54173743792205,0.245814804298142,13.529791463883118
ID_4F2848,1318,530,511,1,465,815,0,23,4,6.915973226930969,2.5865132117215763,2.716128215563189,67.60171209429637,0.7856310794380723,14.610504661095264
ID_2823F4,1799,1037,419,1,303,1235,17,188,7,6.697852880084948,2.29828556949988,2.951017670660184,65.55767751238756,-0.8164230364638807,10.31674166259187
ID_9CB67F,904,182,253,0,891,0,4,5,4,9.151888685401182,3.2667214450595004,2.932626312970961,53.37215248149738,14.890929980908844,39.60180299969304
ID_F3F1B7,1373,293,885,2,96,589,1,28,88,6.535572871732271,2.301319201020281,2.868001148309819,71.59178568352515,-2.2871608915985813,-3.085808671954684
ID_AA942A,1640,720,755,1,273,857,6,22,137,6.701174575134441,2.324004668435724,2.906308972177248,72.17352573964745,-2.044986817874874,-4.471951163467413
ID_C0F168,1321,186,1011,1,260,554,38,470,3,7.374276827248991,2.206630899847119,3.3666853130396177,63.26441578897524,-1.2943532037484942,12.641673803759232
ID_C058F5,1022,316,194,0,1002,0,13,6,1,9.524000064416096,3.129993005027376,3.1888875318308334,56.14911629779904,11.155759398559772,34.282008280436806
ID_9A3D45,1134,80,849,0,77,700,21,315,1,7.036321957211769,2.492518531226285,2.837143613921333,64.63835503643112,-1.632141811947457,11.042600526014562
ID_F1B6F2,1943,642,995,1,345,161,1,34,484,6.340747869911792,1.936385489652516,3.2880094830885547,66.86004472351267,-3.807287101500097,-3.0074259047208187
ID_FB60D4,973,77,808,0,53,900,4,20,0,7.363215282042074,2.731232178805852,2.704569843809048,69.66970539723104,-0.0859356353527891,11.855171469170966
ID_289DFF,2026,1093,531,3,133,1271,1,11,219,6.044869633634889,2.2440653863438937,2.719263994796035,73.41955783047939,-2.260131618027802,-5.195739025190768
ID_F457C5,1058,291,254,0,1051,0,2,2,3,9.215697527986194,3.099352106595447,3.0838020391292087,52.24494555657246,14.500971745099651,37.763784466378894
ID_5C572E,2487,1485,621,4,633,1827,2,0,0,6.024520635711309,2.1943617687826333,2.777898290858542,81.53089579010168,-1.3706517547022383,5.528987198605661
ID_E44FEA,1208,116,991,0,202,851,9,123,0,7.288028659430593,2.273802925848168,3.2205275415551493,65.13009288587853,-0.307970645551352,11.94489708263476
ID_23CE18,1013,289,178,0,959,0,51,0,3,9.564971858843428,3.1086974632463327,3.228788115392902,62.588122987487374,7.423349004117085,29.575521841579864
ID_1E6E0A,1097,276,232,0,1090,0,5,0,2,9.290733582247372,2.88265270942468,3.333255298884537,57.21413945861297,9.320784991949893,32.66815694369974
ID_F3F27A,1000,329,160,0,919,0,67,8,6,9.612635930788556,3.137596669844979,3.333963685203313,61.56110122256244,8.201560423317868,31.63163465637418
ID_2B6D65,1462,290,912,0,122,1162,17,120,5,6.924927445834177,2.198600593936026,3.162670396410109,65.84028533433414,-0.8976762244793006,10.336280993239344
ID_3EB71F,1731,545,785,0,119,345,0,32,249,6.246471622130922,2.1395939592617617,2.93168404831794,68.83197721087083,-2.8377027349087505,-3.5450290065807515
ID_496E05,1133,415,245,0,1059,0,69,2,3,9.127170143050124,3.099925743369143,3.096080790206137,61.590971746485856,8.132501518789573,30.29795139932331
ID_37693C,1062,261,249,0,1023,0,37,2,0,9.313725476858169,2.740283837383796,3.537742322543264,60.88528818987808,7.61510778161977,30.367693783803396
ID_9872ED,1348,366,760,1,215,1111,5,0,3,7.093496855095525,2.518856454853688,2.8400469610697496,68.73450499474117,0.6745767564841847,13.690300192342082
ID_210F76,985,194,262,0,984,0,0,1,0,9.160112006543672,3.0890634815752085,3.0432284210898466,50.32385170112513,15.79968785871222,39.613830471448736
ID_69ADC1,2037,1062,652,2,145,1117,1,7,326,6.29285300724936,2.0607414776341244,3.08763605254899,72.62660118939957,-2.3528165580336275,-6.53000366929464
ID_AEB313,1065,428,202,0,996,0,62,5,2,9.195003487233649,3.1885517087310067,3.054471787119927,61.86114533066979,7.89326010937287,29.607181856672383
ID_38B3EF,1646,628,779,2,126,953,3,19,98,6.451902852898673,2.2920880644764714,2.83654688944152,73.40218187748874,-2.211954071828928,-3.86956220768926
ID_B73CE3,1449,345,939,1,50,605,1,11,190,6.650580179691957,2.151425131129611,3.125929969969715,71.21728662852847,-2.545792687705401,-4.243279192711199
ID_568052,1242,377,635,0,1225,0,14,0,3,8.411175359908338,3.1429311834695266,2.764012140678026,58.71292373059203,8.400379100177435,31.44430229656348
ID_19F3CD,1587,525,839,1,420,903,44,217,2,7.393051465189785,2.057678349773835,3.619622077057433,64.06802727496064,-0.1972973863828242,13.290406780934896
ID_0E6597,1146,320,305,0,1132,0,10,1,3,9.03429705855232,2.903079030939632,3.210610902017257,58.35579573034269,8.22920398754455,30.997755202533877
ID_C20AD4,1780,917,624,2,153,1178,2,20,151,6.401168491360689,2.365272184748517,2.728218750482928,74.0476017342679,-2.224277853990617,-6.057274865020947
ID_33CEB0,1520,568,672,0,1480,0,38,2,0,8.183426115115342,2.8536779184550696,3.0124285431725712,59.34005203966791,7.608726720293074,29.664487500658478
ID_40008B,2047,1154,649,2,522,540,14,97,96,6.394534428705381,2.3278235701753074,2.7638747353343303,70.14874172496549,-1.7736497718950075,-0.0532495816573561
ID_C45147,1104,371,201,0,1076,0,23,3,2,9.478075215928095,2.889499217722057,3.4732279230720016,59.33896500643914,7.671740953064791,30.1610973959393
ID_5B8ADD,1204,124,826,0,109,951,15,108,5,6.991526056050774,2.544947989772049,2.7588391644089034,65.9116189698657,-0.7391023103826906,12.5506153030314
ID_B495CE,1506,233,1173,0,381,61,1,41,338,6.793354978985118,2.0015090283668724,3.4180754121570143,64.66543853055401,-4.94664398809312,-2.040382405060853
ID_B1A59B,1127,361,301,0,1114,0,11,0,2,9.028974300191951,3.037742587518858,3.122061105283766,54.86273615219131,12.847108545932194,37.2074126643612
ID_5807A6,2880,2372,197,5,255,1191,2,81,312,5.851860434672938,2.1417118690893235,2.7895320379018744,71.59206120971182,-2.437691184965758,-3.2193013824066057
ID_D709F3,1259,433,332,0,1192,0,65,0,2,8.948016680203711,2.83821518850414,3.318143750653925,61.209032448282265,8.314594266404166,30.940494430702884
ID_3644A6,1167,98,844,0,164,702,21,263,3,7.007187532636672,2.450233141892987,2.87414837831685,64.57937875478714,-1.0984330998418057,12.233222410699502
ID_437D7D,1112,397,236,0,1065,0,42,2,3,9.16279039832784,2.966748366578915,3.265396328668351,59.987074281391145,8.764431138257287,31.864547804495047
ID_2BA869,1530,330,539,0,109,1240,14,127,7,6.444438738489932,2.305673430603488,2.812277416453234,65.53650900031052,-1.1707739838791211,10.21049675542157
ID_0188E8,1668,491,985,2,87,345,1,26,233,6.682449949712667,1.9960152009883576,3.3812911408666357,69.28209788953802,-2.718198885991268,-2.86950472443079
ID_7EF605,1687,246,297,0,638,408,113,516,0,6.131990262225931,2.2020205492989757,2.789800428839864,61.29767030579897,-0.1851884524588207,14.51903393131336
ID_9F396F,1232,230,787,1,1053,114,14,31,6,7.255380748782074,2.415086782288608,3.033747530751025,40.46354076517805,13.721855693236485,20.24229003507976
ID_184260,1387,571,603,2,195,1151,9,25,6,7.008451283300954,2.649432667861418,2.66385232004268,68.14666596630836,0.4786144423108323,13.599123143499185
ID_CA7591,2370,1724,402,4,250,1473,3,41,112,6.120126007922705,2.388493061010789,2.5854180460642637,74.44690031259546,-2.197161251619334,-2.747936084681527
ID_27ED0F,783,130,158,0,710,0,72,0,1,9.74015899866026,3.0861623824728976,3.2605669973530094,63.85997814905348,7.033428414210794,29.46871960923683
ID_443CB0,1276,275,816,0,261,951,13,19,7,7.183044152445492,2.513741719686664,2.877890893535811,66.73673780626463,0.4431179104251983,13.744267819471704
ID_006F52,1028,247,229,0,970,0,57,0,1,9.273795125996331,3.156914236233662,3.027685952018712,62.08109972232872,8.279979101043502,30.94644985445648
ID_DF263D,1291,351,804,0,168,964,15,135,4,7.442208409012961,2.299182280578204,3.262397725133824,65.28528185660663,-0.7274646369191275,11.703506294612474
ID_E8B1CB,1492,412,518,1,185,1041,14,226,7,6.540661790716705,2.3674555647191324,2.7903150873511464,65.41287434819583,-0.9805265358859798,11.390641913179442
ID_DBE272,1090,264,240,0,1075,0,13,0,2,9.254900483415382,2.852589978359563,3.35368988244624,59.07850685238509,8.112062055500623,30.87380898888553
ID_E2C420,1262,386,289,0,1246,0,11,2,3,9.179933114707357,2.7711763178079045,3.511406993291773,58.51378640205203,7.97262526649415,30.584873497059625
ID_854D6F,2466,1721,417,3,242,616,2,43,640,6.236940190526348,2.0498649369301987,3.0845892321938617,69.53652404533923,-2.6097395048184797,-4.162084003543832
ID_B2EEB7,1562,560,780,3,125,510,1,20,465,6.5801839116700265,2.2850861585111626,2.9012396949871797,71.09659042787074,-2.500014219571789,-6.319887526926589
ID_9CC138,1560,448,174,6,1493,12,15,20,0,5.866825410715027,2.566742051470017,2.32007419774707,43.14846687211501,13.63042171204268,18.741752731227137
ID_EE8374,1171,348,524,0,1149,0,19,0,3,8.528004849318872,3.0726263109866343,2.8727741907050697,60.34008667398754,8.139996042518986,30.73247535707113
ID_DC82D6,2083,1285,562,2,151,950,2,52,142,6.280136380656274,2.260547259529398,2.8097463167192545,71.9702038041616,-2.254704549120295,-3.0876894005422493
ID_E97EE2,1247,403,296,0,1213,0,30,1,3,9.115456434413728,2.911552938339652,3.284260968706669,60.9181489029535,8.307926256049358,30.892843453594736
ID_ABA3B6,1280,257,885,0,223,906,13,126,5,7.250602954030958,2.332916655140582,3.127319740568462,65.9062161839361,-0.5464999738283347,12.49134623129267
ID_8B6DD7,1264,342,773,1,147,1055,7,30,4,7.288393845182678,2.486967904539291,2.9547800385929284,67.9952604646574,-0.0566034584965802,12.40467772307188
ID_185C29,1089,227,631,0,1084,0,1,0,4,8.460134458488913,3.284420388623944,2.617685275368191,57.41835117883703,7.861693373509887,30.49383288016172
ID_285AB9,1252,117,889,0,200,663,30,346,3,6.995483269398008,2.3702145059878936,2.968284773605945,63.834506862854205,-1.1108118967242562,12.854969230444764
ID_846C26,1151,405,518,2,309,802,2,16,8,6.911505054767326,2.8074599917551426,2.489180903896448,69.45578931502305,1.0800873145547103,14.393023435950258
ID_D1F255,1057,309,210,0,1030,0,20,5,2,9.342379020900696,3.0398014543887912,3.2034769916191346,58.79001887772855,8.725055866594996,31.936976231843797
ID_82CEC9,1333,487,660,1,266,1018,5,26,6,7.1093964446234805,2.521706609922376,2.8463031874812046,68.0149858788952,0.4901480644376255,12.98699690296815
ID_0D7DE1,2869,2187,321,2,249,887,3,41,810,5.910285473137789,2.110502378428191,2.842848464364119,70.29068057072895,-2.3450539082275523,-5.691923176932406
ID_4671AE,982,107,819,1,153,689,12,111,7,7.588699402391451,2.644047259084493,2.88470607937393,66.47171222871,-0.2874140841159374,13.953625253903324
ID_01F78B,1347,154,1029,0,176,156,0,15,336,6.746556217982266,2.141157790400088,3.1585113109289065,67.10084839366006,-3.2725810153232016,-3.65038492482325
ID_8C7BBB,991,250,196,0,949,0,39,1,2,9.413145065809442,3.0015466009388665,3.2667383272231465,61.663603981678754,7.964923044017194,30.538556762051115
ID_6EB6E7,1485,227,957,0,239,859,34,343,5,6.9540017955020845,2.0833798011835976,3.3519340448610127,64.0786482536577,-1.028534837092204,11.918480118736952
ID_167909,1474,386,870,1,128,395,0,8,620,6.524311925196576,2.326899773300781,2.8138687195769188,70.3432887401371,-2.1501589685006857,-8.45707543826062
ID_0E0193,1172,341,343,0,1163,0,7,0,2,8.897477850194186,2.847430928852356,3.234120886139785,57.00972822917067,8.574091352781283,31.30019309434392
ID_BCA82E,1307,235,926,1,108,885,20,277,6,7.169176158181696,2.310822972010224,3.1302323857743404,65.26068378530684,-1.416422144315915,11.32771906659913
ID_EEB69A,1175,336,517,0,1151,0,23,0,1,8.51230623535265,2.876762200966089,3.051392651918913,60.20603230442119,8.403387621786635,31.40012793599376
ID_380673,1371,235,950,0,140,964,17,227,7,7.110235297564041,2.261434529544386,3.166778481265592,65.2956490592381,-1.3022571468682425,11.357187878977808
ID_FD5C90,1134,378,244,0,1082,0,48,0,4,9.230976406986915,2.977150273186324,3.2706459755298,61.51667076457161,8.14387041989488,30.48892729141845
ID_E1E32E,1220,284,695,1,1168,32,8,6,2,7.121062581482443,2.435373795048295,2.955618201642415,32.899742384858044,17.596589816569814,22.30340923838604
ID_491442,1189,331,203,0,1165,0,23,0,1,9.75002307884471,2.629012036123394,3.8974643517675753,60.20197801900672,7.8468528900326735,30.09943004841351
ID_C203D8,933,183,180,0,930,0,1,0,2,9.48601610062428,3.088598657246276,3.181014378774219,51.51236993766842,14.69855909395064,38.36598179420968
ID_9BE40C,932,213,204,0,892,0,38,0,2,9.283992453604323,3.223511195335443,2.97212637499922,61.83982370139056,8.597875888819946,31.36539775504305
ID_6C9882,1022,298,228,0,956,0,64,0,2,9.230830162106372,3.2107596259345117,2.9796468682308843,62.21933344735889,8.2430619614272,30.733469914788945
ID_9ADEB8,1578,565,831,0,132,989,1,16,215,6.762123685186895,2.157914990690025,3.157778311270284,72.68810296732543,-2.5727277657337324,-6.914401961419365
ID_65DED5,1303,372,598,1,509,717,8,58,6,6.907823572632079,2.500450888200183,2.806359749253569,65.67252888420543,0.5669593590516797,14.982884965313485
ID_C21002,1374,451,701,0,50,358,1,3,432,6.763442883330082,2.325263313011907,2.9195621964775893,70.51903639164908,-2.143691063084681,-6.1864858614270375
ID_13F3CF,1493,720,590,2,202,1273,4,15,3,7.1228477616538,2.5879758241165627,2.7758847860003217,69.46249519852013,0.2661149535108018,12.919589442162437
ID_242C10,970,173,228,0,931,0,39,0,0,9.467829291249735,2.9436291409606987,3.303637785021974,62.71725596482564,7.325283042767387,29.47720369815571
ID_5D616D,1947,1066,674,1,157,1135,1,12,312,6.514927954306644,2.2185719679267653,2.9554804273179465,73.56491470810934,-2.1755348921814543,-7.1621868689627775
ID_632CEE,1146,293,474,0,1128,0,14,1,3,8.672334990771912,2.9617742501845243,3.014397105914556,58.11282505851179,9.315686880374162,32.78680282370417
ID_502E4A,1213,181,876,1,269,657,19,256,0,7.318623509445419,2.3500425345402,3.1465523828071067,64.39027866051308,-0.836986020322644,12.736983507635165
ID_C1E39D,1133,338,174,0,1107,0,22,2,2,9.739987402731431,2.8209816111521464,3.6463837932659393,59.43456986150058,8.203189699218472,30.789319706631872
ID_3416A7,1019,278,199,0,995,0,21,0,3,9.364453487023995,3.04862088236118,3.197188572280266,60.13087219888797,8.434772752521468,31.441636847195948
ID_362E80,1689,400,1067,2,233,346,0,17,312,6.892039260508721,1.857131639931702,3.7574938640561975,68.20167187291943,-3.2002072517097475,-2.89294077903978
ID_7D771E,868,179,174,0,823,0,38,2,5,9.373030452568027,3.121965106866754,3.1076895396084065,60.256816113685645,8.373056737903394,31.737095276311905
ID_43BAA6,1082,245,250,0,1054,0,27,0,1,9.241892365133976,2.78933589308706,3.4240869810930974,60.20501427048532,8.434967364066715,31.655174545583613
ID_02522A,1697,783,701,0,77,1104,2,11,202,6.460847308835541,2.309442615927004,2.8133545358381,73.73904820005387,-2.237665900368617,-7.410423099341518
ID_7501E5,1592,891,0,19,0,292,0,8,693,4.787592324145571,2.7569959077150603,1.747733629147582,71.04689106141791,-2.272598389992351,-8.312416281173991
ID_06EB61,1141,302,700,0,121,986,6,18,3,7.196542968666135,2.7195750353433445,2.656656864683658,70.31517762753492,0.2707109446799385,11.949088618823
ID_4B0250,985,241,185,0,916,0,65,0,4,9.46364166826753,3.081458263730619,3.180957136438772,62.8078093887186,8.020753937647415,30.63953992129541
ID_A8ABB4,1559,257,882,0,446,343,62,681,0,6.739536989972755,2.061670009006389,3.285214742721508,61.313678471441406,-1.2390164731827311,12.216062171366982
ID_FED333,1337,176,947,0,119,877,22,304,4,7.03761394426197,2.292694588551857,3.0907691676374403,64.49712843174751,-1.344072858617866,11.261511610781731
ID_CEDEBB,1852,886,599,4,175,1135,2,34,131,6.115626750329061,2.417200331909109,2.55042835792061,74.33676387675965,-2.2571517751643726,-2.5533927478692853
ID_3210DD,1101,208,740,1,222,234,26,600,5,7.762811991264799,2.4005500251259138,3.257334529675805,62.10531315200716,-1.5866147473542394,11.839451962016303
ID_02A32A,1563,369,979,0,201,1161,24,163,3,7.180545105264177,2.188993703071462,3.3074851552877265,65.56986274041535,-0.7726425478807304,12.246387077265076
ID_944BDD,1246,247,800,1,345,779,12,99,6,7.200498385482388,2.474887037495322,2.9367428959955166,65.61005890254975,0.0504156033568978,14.20555098613844
ID_4A0814,1677,891,448,1,190,1418,15,70,4,6.669308361882138,2.55414456138365,2.632134036078829,66.46937682636316,-0.2277892751683818,12.351041190666376
ID_F2201F,1740,380,1033,1,321,195,0,28,384,6.297953467584335,2.0496298600395715,3.095328158609378,67.39561389101576,-3.675547283932624,-3.1345227072686197
ID_069D3B,1199,208,769,1,101,1022,9,45,5,6.99362571080426,2.5645331849055046,2.747949958639576,66.70051590920433,-0.3440524258137172,12.12837385129278
ID_407901,1341,255,686,1,306,940,25,57,3,6.757578715860518,2.5741907647483377,2.643090551166035,65.9192293563802,0.3712152860943862,14.38355010026912
ID_4A47D2,1292,478,672,1,229,1000,14,28,6,7.317721954851613,2.640244349891692,2.7903888783452686,66.92636458312126,0.2516123137372936,13.47222598952551
ID_2C8910,1492,363,884,1,616,480,33,365,4,7.333700088169644,2.0358461198539484,3.652620579809232,62.528281949538965,-0.5906282426947107,13.670727912092795
ID_758874,1705,568,961,0,90,431,1,0,678,6.759843016327016,1.933271871655879,3.512119311965085,69.36787253544105,-2.873303964412749,-6.619267175431723
ID_B9228E,1744,372,1001,0,157,598,0,15,179,6.258616044533255,1.993316341752836,3.1570719504753346,70.357845188916,-2.679312687925873,-2.7797712529205114
ID_3FE78A,1785,735,837,1,318,295,2,25,543,6.479205314909803,2.1535512921113424,3.033053105710011,68.36853891509789,-3.006878898568784,-4.7901289933529725
ID_1651CF,1271,308,668,2,437,686,10,121,6,6.999001593856004,2.479814704137423,2.8558291383068437,64.83040273472406,-0.1954392056198477,14.20826894893386
ID_3B712D,1677,582,675,0,362,1087,28,185,3,6.794173416800898,2.151856587724045,3.176382672787058,64.80093340165514,-0.4648127269367772,12.233139657341008
ID_218A0A,926,167,235,0,862,0,61,0,3,9.342260957965742,3.092490766331706,3.110912713904915,62.37528974674225,7.726192843342012,30.44071140205821
ID_918317,1207,385,294,0,1185,0,19,0,3,9.054185799756056,2.91061266988214,3.2456067364000867,59.05712799843632,9.001426719131905,32.23641527634166
ID_A3FB4F,1296,239,858,0,324,883,12,65,4,7.11745030208351,2.415010452129504,2.958091075952314,65.19506031224776,0.1686553658674654,14.534255319611042
ID_BC6DC4,1400,396,781,1,444,830,23,74,6,7.1300280695345295,2.369210420970019,3.031332430637845,64.5694521335408,0.2469471300449091,13.662825074743363
ID_045117,1058,311,264,0,1026,0,30,0,2,9.089619034344,3.1565372752444576,2.9864925594899425,60.95119645575242,8.399714884268334,30.98289298115396
ID_7FEC30,1323,122,937,0,187,743,26,357,2,6.978752639117241,2.284391435910367,3.07083259785304,63.931987209361296,-1.334675843443629,12.166603951954254
ID_FE709C,1046,304,318,0,987,0,55,0,4,8.933902987644828,2.9895965778151217,3.1168804042860385,61.86691579098851,8.449168432691028,31.18439713812242
ID_B24D51,1429,350,904,0,98,239,0,18,234,6.793320699722263,2.1063845999969013,3.248341949589205,68.78718202214674,-2.9177644220188754,-3.1507401977967007
ID_4DAA3D,1384,385,786,1,324,965,12,66,5,7.15865465653896,2.360532575429096,3.062626085222022,66.11801509466662,0.0952275573654199,13.2422622643141
ID_6F2268,1406,261,817,1,422,560,32,376,5,6.925671772210308,2.227093438174855,3.139037286886861,63.320223629859626,-0.6677866309177962,13.131191432733852
ID_34ED06,1364,268,799,1,538,335,37,449,2,6.9843325463893535,2.1965301128822623,3.197962339153785,61.76332034682421,-0.6957553151792819,13.103215134349696
ID_FEC8D4,1327,357,782,1,93,528,2,13,168,6.758447039167875,2.294788331491852,2.967615519891437,71.81352906435919,-2.1916526704456785,-4.469123567375181
ID_004114,1648,594,792,3,214,463,2,15,439,6.831598750191592,2.016456712001067,3.433900682736049,69.92775644148198,-2.776927867863169,-4.96462531552142
ID_7F1DE2,2171,1643,280,7,111,1944,1,0,46,6.002107587011863,2.464991059455834,2.4690986066634224,77.15491070992893,-2.317840605972641,-3.357189396321125
ID_E4A622,1343,289,846,1,237,874,20,198,3,7.081196923882693,2.273718073593136,3.1405657620028657,65.35500205082278,-0.6658379303389417,12.385043120384962
ID_25B282,1099,450,185,0,1025,0,63,5,6,9.235888249715693,3.272012485101281,2.9631911204622616,61.50206778248118,7.979329872544266,29.63638517546673
ID_E7F8A7,997,251,270,0,933,0,61,0,3,9.07671351794305,3.164864293106403,2.950632338619858,62.82585300995236,8.155005205492454,30.494976578182467
ID_238733,1134,377,386,0,1099,0,31,1,3,8.713224362535462,2.968720766716121,3.06148806844719,59.57821150619616,8.866914030381752,32.1012475555398
ID_06138B,1049,262,260,0,1044,0,4,0,1,9.14761767797598,2.986901126300685,3.169667202067753,53.55508303004808,13.819539379022832,38.11710304659562
ID_2812E5,1653,741,519,4,643,811,27,161,5,6.998287200589497,2.200857399123181,3.268351552449288,64.7314114803218,0.2397534907904952,14.293949998775384
ID_5EF059,1065,159,666,2,268,677,22,89,4,6.977305252137206,2.870550109779148,2.426008546844828,65.49439216161332,0.4729404534414954,15.345456158486993
ID_838E8A,1185,349,297,0,1139,0,40,3,3,9.084965474700564,2.7941700722530345,3.4044978898807905,60.38113640211871,8.022638010066785,30.625073528684617
ID_A284DF,1122,189,780,1,216,851,7,33,4,7.308226372206156,2.571128232540935,2.8700104679455603,67.04743130762694,0.1953516428465014,13.107323700405743
ID_55743C,1372,123,0,0,447,427,69,418,3,5.8387414395805,2.5845409524016354,2.2736593579704927,61.90879030793692,-0.3805722234269884,14.71253332665014
ID_291597,1498,414,725,2,658,620,26,193,2,6.965040326058332,2.1655274988231663,3.261848000547637,63.55865989423386,-0.1182912386874792,14.059827361816996
ID_A7D8AE,1403,375,612,2,365,898,27,102,7,6.733731853970669,2.6044486965190883,2.602778018632391,65.62642087207497,0.2982453277096888,15.27006369558591
ID_8E6B42,972,238,186,0,914,0,54,0,4,9.471618048060668,3.102326968893191,3.16294051871942,62.69219334931035,7.898710282847391,30.397078758955097
ID_98D6F5,1179,134,880,0,167,951,11,39,3,7.154194323783232,2.500063763403519,2.879945904860618,66.5091489372118,0.1722773702805713,13.52914653504044
ID_271551,1193,314,395,0,1167,0,20,4,2,8.83943848519331,2.9280134713701607,3.1108081715564277,59.869682511033695,8.155786963866618,30.9530189645438
ID_FA3A3C,1048,333,240,0,1016,0,26,2,4,9.144402250456016,3.013483484783934,3.1697152547177128,59.28202321045188,8.758531233577953,31.91456486649638
ID_64223C,1217,479,320,0,1182,0,29,4,2,8.90838914461941,2.860507645122707,3.3142181977487604,59.726132331612405,7.973093820650414,30.732084297323325
ID_31839B,1388,453,753,1,272,1027,19,46,5,7.18947788374967,2.5642874958638378,2.822956716027308,67.5495914413939,0.2912013430370805,13.673534562426642
ID_C7635B,1147,346,234,0,1134,0,11,0,2,9.305883782448252,2.8728851361312877,3.417670673792232,58.42100529006674,7.971891413743204,30.853341433271257
ID_83F97F,1074,282,279,0,1067,0,4,1,2,9.107366564673583,3.0389437365779712,3.106951258751196,49.596256653706185,16.099216273355594,39.448464657361015
ID_077E29,975,216,289,0,962,0,8,1,4,9.041525881842915,3.0545878801920723,3.0626281144550087,52.95026395856053,14.684481303540544,39.31212614182638
ID_9F53D8,1389,238,933,0,334,751,23,274,4,7.162708773678489,2.223859393549624,3.2486868872658348,64.46729997928928,-0.7490589650254633,13.045637629051951
ID_0B8AFF,1162,338,293,0,1156,0,3,0,3,9.114587711877263,3.141398267623804,3.0028536998141635,52.58267698426525,14.747142828131874,39.62856631376381
ID_766D85,1244,481,596,0,1218,0,21,5,0,8.166298124845836,3.139743880487449,2.744435352265214,57.03000121049329,8.15275792281678,31.132330697597936
ID_A4D2F0,1537,354,977,1,592,502,66,384,8,7.319447840427219,2.064070586504788,3.587408228692256,62.30786698171261,-0.3555598331433192,14.160989914843192
ID_1AFA34,1298,316,773,1,49,887,1,0,79,6.608334535918616,2.4086169416929653,2.759234046084492,74.07553359000401,-2.140749673976146,-4.309489683360344
ID_33EBD5,1172,203,800,0,210,900,7,41,6,7.198260089348167,2.489207454646932,2.917246442179915,66.11010075802466,0.1383838994983492,13.037196244551213
ID_A49E94,1394,351,863,1,142,591,1,15,165,6.646692377768979,2.3340346390459223,2.867205716072213,71.32840977780201,-2.3035257917876337,-3.9809635107692474
ID_995665,1318,313,856,1,67,1002,1,10,49,6.810433873147873,2.30657996820868,2.9739171735127328,74.24005484461782,-2.111854504655851,-3.787692852326945
ID_6C524F,1271,451,729,0,1253,0,17,0,1,8.01208862362162,3.073610449663302,2.715497769337023,56.99771792494754,8.052595504758605,31.06860530060115
ID_F4B9EC,1335,305,879,1,321,665,30,311,1,7.567572278017233,2.2000247420284103,3.4629796188441837,63.91131921297413,-0.9254315146366888,12.333685367266527
ID_E0CF1F,1397,407,787,2,132,639,1,21,169,6.684662894798604,2.316074401484205,2.9086607137116176,72.34665716404538,-2.3093446689120154,-4.270747888389174
ID_013D40,1623,518,924,1,115,848,1,11,269,6.490104850223151,2.198367315875218,2.980623106208058,72.63834190184619,-2.446926468170885,-5.517591169225618
ID_03C6B0,1453,438,757,1,198,938,29,250,14,6.970679536999586,2.310281881766109,3.0504943397218303,64.59421021314111,-1.0393263663777166,11.12480430899657
ID_C41000,982,251,189,0,923,0,57,0,2,9.453859139701535,3.130143279940823,3.15870233717787,62.63516757670928,8.051371285847571,30.78504471257062
ID_D94E18,974,205,241,0,939,0,30,2,3,9.233313730086408,3.134774462279013,3.027493447588905,61.53624409777407,7.88203581377441,30.394744756568933
ID_D6EF5F,1879,770,872,1,234,777,1,18,251,6.504298697098619,2.0386322055764063,3.216537917589944,71.33910725861878,-2.5010288008904955,-3.4766702886030245
ID_6C2979,1368,131,738,1,71,1056,11,182,7,6.632819783297065,2.365979451673407,2.8214484103550865,65.87004649555577,-1.3087812787829978,10.51322089689734
ID_34173C,1285,428,386,0,1266,0,17,1,1,8.813885626596088,2.7944739404181664,3.309374032374211,59.0190070430217,8.306777652084921,31.180127996950965
ID_DACA41,1203,292,617,1,37,149,1,3,531,6.89521291414669,2.3618512545538803,2.936626630927884,68.30894250672443,-3.4210319784441654,-6.870000638789804
ID_F19700,1515,554,721,1,73,1000,2,12,134,6.444710214282576,2.36551099057984,2.7438458603246176,74.15993088756466,-2.2079915578005385,-5.537416857925674
ID_A5CDD4,1258,423,364,0,1235,0,19,3,1,8.853085134137535,2.8508995475896928,3.247064545892332,58.998763262765024,8.266338358561917,31.043403190689844
ID_A4300B,1294,309,764,2,73,594,0,8,250,6.572982598894244,2.438767287501764,2.7081109393905454,71.89758320229657,-2.1936392592830303,-6.852368266347128
ID_6E2713,1577,536,747,1,423,845,33,278,2,7.094342640105123,2.1629723672074648,3.314559373369672,63.69184075747879,-0.5078905054633336,12.802348147322036
ID_24896E,972,244,225,0,968,0,3,0,1,9.22343146683082,3.1186849015868834,3.0714039855052464,53.27724619129074,14.344482089146416,39.17143784530533
ID_735B90,1680,538,974,1,167,448,1,9,398,6.575430109227223,2.137753315029152,3.096709900167142,70.42779313967185,-2.368960672272841,-4.498449580081537
ID_A01610,972,236,237,0,967,0,3,2,0,9.216979670409556,3.103704727287387,3.0705956651465898,52.05173830514546,14.608775392809273,38.72312946499473
ID_4C27CE,1980,1100,550,4,188,1089,3,48,77,6.142944491926915,2.323114323092116,2.6733724574859226,73.15415480559828,-2.2390574254275166,-1.3840521330604432
ID_38913E,1612,667,762,0,89,1257,2,11,92,6.704972314600274,2.2310973260983213,3.0254600855014018,74.80177163562975,-2.2837357607163047,-5.570885415964948
ID_F9B902,1212,239,765,1,385,759,10,41,3,7.197645521505145,2.5300761960166,2.8783815760376736,66.77592417669952,0.5251318526629496,14.534216320668271
ID_ACC3E0,1117,306,341,0,1112,0,3,0,2,8.942473474789262,3.047304105415132,3.072332750590276,53.24499389655369,14.113358380486956,38.95095124931474
ID_94C7BB,1862,926,615,0,382,1354,17,71,3,6.824523866015232,2.1914063025629367,3.1379267799025667,66.51473623148951,-0.1661386965617861,11.480511085023494
ID_EC8CE6,3104,2663,236,5,426,1730,4,78,216,5.898282395986052,2.326879849305286,2.566731827582054,74.37630325040293,-2.1418883413610623,-3.1355239849710124
ID_57AEEE,1922,1080,558,1,65,1230,1,6,174,6.207156973285708,2.328064417846068,2.685185998797051,73.51063896944218,-2.2912534697979337,-5.610930887944605
ID_ABEA47,1374,222,393,3,528,537,29,281,4,6.361949947849556,2.473624320413119,2.601041373207954,63.77813349269706,-0.0188096378968722,15.148210188526614
